<?xml version="1.0" encoding="UTF-8"?>
<templates xml:space="preserve">
  <t t-extend="FormView.buttons">
    <t t-jquery="button.o_form_button_save" t-operation="replace">
      <button type="button" class="btn btn-primary btn-sm o_form_button_save" accesskey="s">
        <span t-if="custom_save_name" t-esc="custom_save_name"/>
        <span t-else="">Save</span>
      </button>
    </t>
  </t>
</templates>

<!-- <templates id="template" xml:space="preserve">
<t t-extend="ListView.buttons">
    <t t-jquery=".o_list_button_add" t-operation="replace">    
        <button type="button" class="btn btn-primary btn-sm o_list_button_add" accesskey="c">
            <t t-if="widget.model === 'sale.order'">
                Your String
            </t>
            <t t-if="widget.model !== 'sale.order'">
                <t t-esc="widget.options.addable"/>
            </t>
        </button>
    </t>
</t>
<t t-extend="FormView.buttons">
    <t t-jquery=".o_form_button_create" t-operation="replace">        
        <button t-if="widget.is_action_enabled('create')" type="button"
                class="btn btn-default btn-sm o_form_button_create" accesskey="c">
            <t t-if="widget.model === 'sale.order'">
                 Your String
            </t>
            <t t-if="widget.model !== 'sale.order'">
                 Create
            </t>
        </button>
     </t>
</t>
</templates> -->