Buddu,Masaka,Bukakata,Bukibonga,Bukakata (Town Centre)
Buddu,Masaka,Bukakata,Bukibonga,Bukakata (Village)
Buddu,Masaka,Bukakata,Bukibonga,Bukibonga
Buddu,Masaka,Bukakata,Bukibonga,Kabasese 
Buddu,Masaka,Bukakata,Bukibonga,Kikonoka
Buddu,Masaka,Bukakata,Bukibonga,Lambu 
Buddu,Masaka,Bukakata,Ssunga,Bbaale
Buddu,Masaka,Bukakata,Ssunga,Bukaayi 
Buddu,Masaka,Bukakata,Ssunga,Kisaaka A
Buddu,Masaka,Bukakata,Ssunga,Kisaaka B
Buddu,Masaka,Bukakata,Makonzi,Bukoko
Buddu,Masaka,Bukakata,Makonzi,Buzirango
Buddu,Masaka,Bukakata,Makonzi,Bwami
Buddu,Masaka,Buwunga,Kamwozi,Lwanunda
Buddu,Masaka,Buwunga,Kitengeesa,Kitengeesa B
Buddu,Masaka,Buwunga,Kitengeesa,Kitengeesa T.C.
Buddu,Masaka,Buwunga,Mazinga,Mazinga Town Council
Buddu,Masaka,Buwunga,Mazinga,Mazinga (Village)
Buddu,Masaka,Buwunga,Buwunga,Buwunga-Kyabbumba (Gombolola)
Buddu,Masaka,Buwunga,Buwunga,Buwunga (Village)
Buddu,Masaka,Buwunga,Buwunga,Kitwe A
Buddu,Masaka,Buwunga,Buwunga,Kitwe B
Buddu,Masaka,Buwunga,Bulando,Kayijja Town Council
Buddu,Masaka,Buwunga,Bulando,Kayijja (Village)
Buddu,Masaka,Buwunga,Bulando,Serinya-Bulungu
Buddu,Masaka,Buwunga,Bulando,Kabagabo
Buddu,Masaka,Mukungwe,Bugabira,Bugabira
Buddu,Masaka,Mukungwe,Bugabira,Kisagazi/ Buterere
Buddu,Masaka,Mukungwe,Bugabira,Kiyimbwe
Buddu,Masaka,Mukungwe,Bugabira,Kyali
Buddu,Masaka,Mukungwe,Bugabira,Kyalugo
Buddu,Masaka,Mukungwe,Bugabira,Lwabusisi
Buddu,Masaka,Mukungwe,Bugabira,Ndegeya
Buddu,Masaka,Mukungwe,Bugabira,Kalundira
Buddu,Masaka,Mukungwe,Bulayi,Bulayi Luguudo
Buddu,Masaka,Mukungwe,Bulayi,Bulayi Seeta
Buddu,Masaka,Mukungwe,Bulayi,Kigatto
Buddu,Masaka,Mukungwe,Bulayi,Kikulula
Buddu,Masaka,Mukungwe,Bulayi,Kiwaala
Buddu,Masaka,Mukungwe,Bulayi,Kiyumba
Buddu,Masaka,Mukungwe,Bulayi,Mitemula
Buddu,Masaka,Mukungwe,Kalagala,Buggya
Buddu,Masaka,Mukungwe,Kalagala,Kalagala
Buddu,Masaka,Mukungwe,Kalagala,Kasaana
Buddu,Masaka,Mukungwe,Kalagala,Kinoni
Buddu,Masaka,Mukungwe,Kalagala,Lwabikere
Buddu,Masaka,Mukungwe,Kalagala,Mukungwe (Gombolola HQ)
Buddu,Masaka,Mukungwe,Katwadde,Katwadde
Buddu,Masaka,Mukungwe,Katwadde,Kayugi Town Council
Buddu,Masaka,Mukungwe,Katwadde,Kayugi (Village)
Buddu,Masaka,Mukungwe,Katwadde,Manywa-Kazira
Buddu,Masaka,Mukungwe,Katwadde,Njumaga
Buddu,Masaka,Mukungwe,Katwadde,Kasaana - Serinya
Buddu,Masaka,Mukungwe,Matanga,Butale
Buddu,Masaka,Mukungwe,Matanga,Matanga (Trading Centre)
Buddu,Masaka,Mukungwe,Matanga,Matanga (Village)
Buddu,Masaka,Mukungwe,Matanga,Nsangamo
Buddu,Masaka,Mukungwe,Matanga,Kaddugala (Trading Centre)
Buddu,Masaka,Mukungwe,Matanga,Kaddugala (Village)
Buddu,Masaka,Mukungwe,Samaliya,Nsangamu
Buddu,Masaka,Kabonera,Bisanje,Bisanje East (Trading Centre) 
Buddu,Masaka,Kabonera,Bisanje,Bisanje East (Village)
Buddu,Masaka,Kabonera,Bisanje,Bisanje West (Trading Centre)
Buddu,Masaka,Kabonera,Bisanje,Bisanje West (Village)
Buddu,Masaka,Kabonera,Bisanje,Kanabukuliro
Buddu,Masaka,Kabonera,Bisanje,Kasaali
Buddu,Masaka,Kabonera,Bisanje,Nabinene
Buddu,Masaka,Kabonera,Kirimya,Gayaza Fuwe
Buddu,Masaka,Kabonera,Kirimya,Kirimya Village
Buddu,Masaka,Kabonera,Kyamuyimb wa,Busense
Buddu,Masaka,Kabonera,Kyamuyimb wa,Kikalaala
Buddu,Masaka,Kabonera,Kakunyu,Bukoto
Buddu,Masaka,Kyanamuka Ka,Kyantale,Kamungu
Buddu,Masaka,Kyanamuka Ka,Kyantale,Kyanamukaka (Gombolola HQ)
Buddu,Masaka,Kyanamuka Ka,Kyantale,Kyanamukaka (Village)
Buddu,Masaka,Kyanamuka Ka,Kyantale,Kyantale
Buddu,Masaka,Kyanamuka Ka,Zzimwe,Katinyondo
Buddu,Masaka,Kyanamuka Ka,Zzimwe,Kyasa
Buddu,Masaka,Kyanamukaka,Zzimwe,Lubumba
Buddu,Masaka,Kyanamukaka,Zzimwe,Lukindu (A)
Buddu,Masaka,Kyanamukaka,Zzimwe,Minyinya - Proper
Buddu,Masaka,Kyanamukaka,Zzimwe,Minyinya Galilaya
Buddu,Masaka,Kyanamukaka,Zzimwe,Minyinya Kabaale
Buddu,Masaka,Kyanamukaka,Zzimwe,Minyinya Kyamutwe
Buddu,Masaka,Kyanamukaka,Zzimwe,Nsangwa
Buddu,Masaka,Kyanamukaka,Zzimwe,Zzimwe
Buddu,Masaka,Kyanamukaka,Bugere,Kamugenyi Town Council
Buddu,Masaka,Kyanamukaka,Bugere,Kamugenyi (Village)
Buddu,Masaka,Kyesiiga,Kitunga,Kitunga A
Buddu,Masaka,Kyesiiga,Kitunga,Kitunga B
Buddu,Masaka,Kyesiiga,Kyesiiga,Birongo
Buddu,Masaka,Kyesiiga,Kyesiiga,Bunyuma
Buddu,Masaka,Kyesiiga,Kyesiiga,Kabanda
Buddu,Masaka,Kyesiiga,Kyesiiga,Kyatokolo
Buddu,Masaka,Kyesiiga,Kyesiiga,Mulema
Buddu,Masaka,Kyesiiga,Kyesiiga,Lwemodde
Buddu,Masaka,Katwe/Butego,Butego,Butego
Buddu,Masaka,Katwe/Butego,Butego,Kamugombwa
Buddu,Masaka,Katwe/Butego,Butego,Kirumba A
Buddu,Masaka,Katwe/Butego,Butego,Kirumba B
Buddu,Masaka,Katwe/Butego,Butego,Kiyimbwe
Buddu,Masaka,Katwe/Butego,Butego,Ssaza
Buddu,Masaka,Katwe/Butego,Butego,Namasenene
Buddu,Masaka,Katwe/Butego,Butego,UTC Masaka
Buddu,Masaka,Katwe/Butego,Katwe,Bata Cell
Buddu,Masaka,Katwe/Butego,Katwe,Bwala
Buddu,Masaka,Katwe/Butego,Katwe,Cinema Cell
Buddu,Masaka,Katwe/Butego,Katwe,Folk Land Cell
Buddu,Masaka,Katwe/Butego,Katwe,Kanoni
Buddu,Masaka,Katwe/Butego,Katwe,Kirumba -Katwe
Buddu,Masaka,Katwe/Butego,Katwe,Kisuuna
Buddu,Masaka,Katwe/Butego,Katwe,Kitabazi
Buddu,Masaka,Katwe/Butego,Katwe,Mutuba-Musisi Gardens
Buddu,Masaka,Katwe/Butego,Katwe,Town Yard/Soweto
Buddu,Masaka,Katwe/Butego,Katwe,Market Cell Kirumba- Katwe
Buddu,Masaka,Kimaanya/ Kyabakuza,Kimaanya,Kassijagirwa
Buddu,Masaka,Kimaanya/ Kyabakuza,Kimaanya,Kijjabwemi A
Buddu,Masaka,Kimaanya/ Kyabakuza,Kimaanya,Kijjabwemi B
Buddu,Masaka,Kimaanya/ Kyabakuza,Kimaanya,Kimaanya A
Buddu,Masaka,Kimaanya/ Kyabakuza,Kimaanya,Kimaanya B
Buddu,Masaka,Kimaanya/ Kyabakuza,Kimaanya,Kizungu
Buddu,Masaka,Kimaanya/ Kyabakuza,Kimaanya,Kumbu H.E
Buddu,Masaka,Kimaanya/ Kyabakuza,Kimaanya,New Kkumbu
Buddu,Masaka,Kimaanya/ Kyabakuza,Kimaanya,Gayaaza
Buddu,Masaka,Nyendo/ Senyange,Nyendo,Binyonyi 
Buddu,Masaka,Nyendo/ Senyange,Nyendo,Kitovu Road
Buddu,Masaka,Nyendo/ Senyange,Nyendo,Mukudde
Buddu,Masaka,Nyendo/ Senyange,Nyendo,Nakayiba A
Buddu,Masaka,Nyendo/ Senyange,Nyendo,Nakayiba B
Buddu,Masaka,Nyendo/ Senyange,Nyendo,Kyakumpi
Buddu,Masaka,Nyendo/ Senyange,Nyendo,Kayirikiti
Buddu,Masaka,Nyendo/ Senyange,Senyange,Buchulo
Buddu,Masaka,Nyendo/ Senyange,Senyange,Kitovu Hospital
Buddu,Masaka,Nyendo/ Senyange,Senyange,Kitovu-Kasana
Buddu,Masaka,Nyendo/ Senyange,Senyange,Ssenyange A
Buddu,Masaka,Nyendo/ Senyange,Senyange,Ssenyange B
Buddu,Masaka,Nyendo/ Senyange,Senyange,St.Henry's College Kitovu
Buddu,Bukomansimbi,Bigasa,Bukango,Bukango
Buddu,Bukomansimbi,Bigasa,Bukango,Kabulassoke A
Buddu,Bukomansimbi,Bigasa,Bukango,Kabulassoke B
Buddu,Bukomansimbi,Bigasa,Bukango,Kyabamuyigga
Buddu,Bukomansimbi,Bigasa,Bukango,Lusaka Town Council
Buddu,Bukomansimbi,Bigasa,Bukango,Lusaka (Village)
Buddu,Bukomansimbi,Bigasa,Mbirizi,Bigasa A Town Council 
Buddu,Bukomansimbi,Bigasa,Mbirizi,Bigasa A (Village)
Buddu,Bukomansimbi,Bigasa,Mbirizi,Bigasa B Town Council
Buddu,Bukomansimbi,Bigasa,Mbirizi,Bigasa B (Village)
Buddu,Bukomansimbi,Bigasa,Mbirizi,Mbirizi Town Council
Buddu,Bukomansimbi,Bigasa,Mbirizi,Mbirizi (Village)
Buddu,Bukomansimbi,Butenga,Kassebwera,Buyovu
Buddu,Bukomansimbi,Butenga,Kassebwera,Gayaza
Buddu,Bukomansimbi,Butenga,Kassebwera,Kassebwera
Buddu,Bukomansimbi,Butenga,Kawoko,Bukiri
Buddu,Bukomansimbi,Butenga,Kawoko,Butenga (Gombolola HQ)
Buddu,Bukomansimbi,Butenga,Kawoko,Butenga A
Buddu,Bukomansimbi,Butenga,Kawoko,Butenga Town Council
Buddu,Bukomansimbi,Butenga,Kawoko,Butenga (Village)
Buddu,Bukomansimbi,Butenga,Kawoko,Gayaza 
Buddu,Bukomansimbi,Butenga,Kawoko,Makoomi
Buddu,Bukomansimbi,Butenga,Kawoko,Mukunyu
Buddu,Bukomansimbi,Butenga,Kyankole,Kabulassoke
Buddu,Bukomansimbi,Butenga,Kyankole,Kasswa A
Buddu,Bukomansimbi,Butenga,Kyankole,Kasswa B
Buddu,Bukomansimbi,Butenga,Kyankole,Lugazi
Buddu,Bukomansimbi,Kitanda,Gayaaza,Gayaaza
Buddu,Bukomansimbi,Kitanda,Gayaaza,Kasambya
Buddu,Bukomansimbi,Kitanda,Luwoko,Buyembe
Buddu,Bukomansimbi,Kitanda,Luwoko,Kitwekyenjovu
Buddu,Bukomansimbi,Kitanda,Luwoko,Luwoko
Buddu,Bukomansimbi,Kitanda,Mitigyera,Kayanja
Buddu,Bukomansimbi,Kitanda,Mitigyera,Lwamalenge
Buddu,Bukomansimbi,Kitanda,Mitigyera,Mitigyeera
Buddu,Bukomansimbi,Kitanda,Mitigyera,Nakateete
Buddu,Bukomansimbi,Kitanda,Ndeeba,Sikamitumba
Buddu,Bukomansimbi,Kitanda,Ndeeba,Vvunza
Buddu,Lwengo,Lwengo,Kalisizo,Lwengo (Gombolola)
Buddu,Lwengo,Lwengo,Lwengo Ward,Lwengo
Buddu,Lwengo,Kingo,Kasaana,Kalunduka
Buddu,Lwengo,Kingo,Kasaana,Kasaana A Town Council
Buddu,Lwengo,Kingo,Kasaana,Kasaana A
Buddu,Lwengo,Kingo,Kasaana,Kasaana B
Buddu,Lwengo,Kingo,Kasaana,Kamenyamigo
Buddu,Lwengo,Kingo,Kasaana,Nzizi 
Buddu,Lwengo,Kingo,Kasaana,Ttagga
Buddu,Lwengo,Kisekka,Busubi,Busubi
Buddu,Lwengo,Kisekka,Busubi,Kabagala
Buddu,Lwengo,Kisekka,Busubi,Kiswera
Buddu,Lwengo,Kisekka,Busubi,Kyassonko
Buddu,Lwengo,Kisekka,Busubi,Kyekulula Town Council
Buddu,Lwengo,Kisekka,Busubi,Kyekulula (Village)
Buddu,Lwengo,Kisekka,Busubi,Kyetume
Buddu,Kalungu,Bukulula,Kiti,Bukulula
Buddu,Kalungu,Bukulula,Kyambala,Kyambala
Buddu,Kalungu,Bukulula,Kyambala,Kisawo
Buddu,Kalungu,Bukulula,Kyambala,Mitete
Buddu,Kalungu,Bukulula,Kyambala,Mutumba
Buddu,Kalungu,Bukulula,Kyambala,Muwoomya
Buddu,Kalungu,Bukulula,Kyambala,Nantaba
Buddu,Kalungu,Bukulula,Mukoko,Kasasa West (Gombolola)
Buddu,Kalungu,Lwabenge,Bugomola,Bugomola 'A'
Buddu,Kalungu,Lwabenge,Bugomola,Bugomola 'B'
Buddu,Kalungu,Lwabenge,Bugomola,Kityaba
Buddu,Kalungu,Lwabenge,Bwesa,Bwesa 'A'
Buddu,Kalungu,Lwabenge,Bwesa,Bwesa 'B'
Buddu,Kalungu,Lwabenge,Bwesa,Lukenke 'A'
Buddu,Kalungu,Lwabenge,Bwesa,Lukenke 'B'
Buddu,Kalungu,Lwabenge,Bwesa,Lukenke 'C'
Buddu,Kalungu,Lwabenge,Kiragga,Birongo 'A'
Buddu,Kalungu,Lwabenge,Kiragga,Birongo 'B'
Buddu,Kalungu,Lwabenge,Kiragga,Birongo 'C'
Buddu,Kalungu,Kalungu,Bwasandeku,Bwasandeku
Buddu,Kalungu,Kalungu,Bwasandeku,Gayaaza
Buddu,Kalungu,Kalungu,Bwasandeku,Kawule
Buddu,Kalungu,Kalungu,Bwasandeku,Kinogola
Buddu,Kalungu,Kalungu,Bwasandeku,Kitabyama
Buddu,Kalungu,Kalungu,Bwasandeku,Kyato
Buddu,Kalungu,Kalungu,Bwasandeku,Lugeye
Buddu,Kalungu,Kalungu,Bwasandeku,Seeta
Buddu,Kalungu,Kalungu,Kaliiro,Kaliiro
Buddu,Kalungu,Kalungu,Nabutongwa,Nabutongwa T.C
Buddu,Kalungu,Kalungu,Nabutongwa,Nende
Buddu,Kalungu,Kalungu,Villa-Maria,Bweyo
Buddu,Kalungu,Kyamulibwa,Kigasa,Kabuswaga 
Buddu,Kalungu,Kyamulibwa,Kigasa,Kyamulibwa (Gombolola HQ)
Mawogol A,Ssembabule,Lwemiyaga,Lwemibu,Lwemiyaga
Mawogol A,Ssembabule,Lwemiyaga,Makoole,Makoole
Mawogol A,Ssembabule,Lwemiyaga,Makoole,Byabazungu
Mawogol A,Ssembabule,Lwemiyaga,Makoole,Luyonza
Mawogol A,Ssembabule,Lwemiyaga,Makoole,Mageege
Mawogol A,Ssembabule,Lwemiyaga,Makoole,Lwenzo
Mawogol A,Ssembabule,Lugusulu,Kawanda,Kawanda
Mawogol A,Ssembabule,Lugusulu,Lwentale,Lwentale
Mawogol A,Ssembabule,Ntuusi,Ntuusi,Ntuusi Central
Mawogol A,Ssembabule,Mijwala,Mabindo,Kinoni (Sembabule Town)
Mawogol A,Ssembabule,Mijwala,Mabindo,Kinoni (Village)
Mawogol A,Ssembabule,Ssembabule Town Council,Parish Ward,Lujjula
Mawogol A,Ssembabule,Ssembabule Town Council,Parish Ward,Mijwala
Mawogol A,Ssembabule,Ssembabule Town Council,Parish Ward,Parish Zone
Mawogol A,Ssembabule,Ssembabule Town Council,Market Ward,Kabayoola
Mawogol A,Ssembabule,Ssembabule Town Council,Market Ward,Kyoloola
Mawogol A,Ssembabule,Ssembabule Town Council,Market Ward,Market Zone
Mawogol A,Ssembabule,Ssembabule Town Council,Dispensary Ward,Dispensary Zone
Mawogol A,Ssembabule,Ssembabule Town Council,Dispensary Ward,Kisonko
Mawogol A,Ssembabule,Ssembabule Town Council,Dispensary Ward,Kiwuula
Mawogol A,Ssembabule,Mateete,Miteete,Miteete A
Mawogol A,Ssembabule,Mateete,Miteete,Miteete B
Mawogol A,Ssembabule,Mateete,Miteete,Miteete C
Mawogol A,Ssembabule,Mateete,Miteete,Kafumu
Mawogol A,Ssembabule,Mateete,Mateete,Mateete G/Hq
Kabula,Lyantonde,Kaliiro,Kiyinda,Kamengo
Kabula,Lyantonde,Kaliiro,Kiyinda,Kisetula
Kabula,Lyantonde,Kaliiro,Kiyinda,Kiyinda Town Council
Kabula,Lyantonde,Kaliiro,Kiyinda,Kiyinda Village
Kabula,Lyantonde,Kaliiro,Kiyinda,Kibisi
Kabula,Lyantonde,Kaliiro,Kiyinda,Kitesa
Kabula,Lyantonde,Kaliiro,Kiyinda,Kiwangire
Kabula,Lyantonde,Kaliiro,Kiyinda,Kyakalinda
Kabula,Lyantonde,Kaliiro,Kiyinda,Kyalwandemu
Kabula,Lyantonde,Kaliiro,Kiyinda,Kyamulama
Kabula,Lyantonde,Kaliiro,Kiyinda,Kyamusale
Kabula,Lyantonde,Kaliiro,Kiyinda,Lugonera
Kabula,Lyantonde,Kaliiro,Kaliiro,Kaliiro (Trading Centre)
Kabula,Lyantonde,Kaliiro,Kaliiro,Kaliiro (Village)
Kabula,Lyantonde,Kasagama,Kisaluwoko,Kasagama Town Council
Kabula,Lyantonde,Kasagama,Kisaluwoko,Kasagama (Village)
Kabula,Lyantonde,Kinuuka,Nakasozi,Kinuuka
Kabula,Lyantonde,Lyantonde,Biwolobo,Biwolobo
Kabula,Lyantonde,Lyantonde,Kalagala,Kalagala
Kabula,Lyantonde,Lyantonde,Kalagala,Kabula
Kabula,Lyantonde,Lyantonde,Kalagala,Kirangazi
Kabula,Lyantonde,Lyantonde,Kalagala,Mweyogereze
Kabula,Lyantonde,Lyantonde,Kalagala,Kyebumba
Kabula,Lyantonde,Lyantonde,Kalagala,Kyetume
Kabula,Lyantonde,Lyantonde,Katovu,Katovu
Kabula,Lyantonde,Lyantonde,Katovu,Luwaama A
Buddu,Kyotera,Kyotera,Ndolo,Ndolo
Buddu,Kyotera,Kyotera,Ndolo,Byabanaaga