Kyaggwe,Buikwe,Njeru Town Council,Njeru West Ward,Namwezi,175000000,220000000,130000000,160000000,,,160000000,175000000
Kyaggwe,Buikwe,Njeru Town Council,Njeru West Ward,Kizungu,175000000,220000000,130000000,160000000,,,160000000,175000000
Kyaggwe,Buikwe,Njeru Town Council,Njeru West Ward,Wampala,175000000,220000000,130000000,160000000,,,160000000,175000000
Kyaggwe,Buikwe,Njeru Town Council,Njeru West Ward,Nakibizzi,160000000,175000000,105000000,140000000,,,130000000,155000000
Kyaggwe,Buikwe,Njeru Town Council,Njeru West Ward,Ntinda,130000000,150000000,90000000,105000000,,,105000000,130000000
Kyaggwe,Buikwe,Njeru Town Council,Njeru West Ward,Kasanja,150000000,175000000,95000000,105000000,,,105000000,130000000
Kyaggwe,Buikwe,Njeru Town Council,Njeru West Ward,Lugazi II,160000000,175000000,105000000,130000000,,,130000000,160000000
Kyaggwe,Buikwe,Njeru Town Council,Njeru West Ward,Kyabaggu,160000000,175000000,105000000,130000000,,,130000000,160000000
Kyaggwe,Buikwe,Njeru Town Council,Njeru West Ward,Namuwaya,105000000,160000000,80000000,90000000,,,90000000,150000000
Kyaggwe,Buikwe,Nyenga,Nyenga,Gombolola,70000000,80000000,50000000,60000000,,,60000000,70000000
Kyaggwe,Buikwe,Nyenga,Nyenga,Bulamagi,105000000,130000000,70000000,80000000,,,80000000,90000000
Kyaggwe,Buikwe,Nyenga,Nyenga,Njala Egobye,105000000,130000000,70000000,80000000,,,80000000,90000000
Kyaggwe,Buikwe,Najja,Kisiimba,Kisiimba,40000000,60000000,25000000,35000000,18000000,22000000,,
Kyaggwe,Buikwe,Najja,Kisiimba,Makota,40000000,60000000,25000000,35000000,18000000,22000000,,
Kyaggwe,Buikwe,Najja,Namatovu,Bulere (Town),130000000,150000000,80000000,90000000,50000000,55000000,,
Kyaggwe,Buikwe,Najja,Namatovu,Bulere (Village),55000000,70000000,35000000,45000000,25000000,30000000,40000000,50000000
Kyaggwe,Buikwe,Najja,Namatovu,Kitabazi,55000000,60000000,35000000,45000000,25000000,30000000,,
Kyaggwe,Buikwe,Najja,Kiyindi,Kiyindi,60000000,70000000,45000000,50000000,35000000,40000000,50000000,55000000
Kyaggwe,Buikwe,Najja,Mawotto,Kigaya,70000000,75000000,50000000,55000000,40000000,45000000,60000000,65000000
Kyaggwe,Buikwe,Ngogwe,Namulesa,Nagunga (Town),120000000,140000000,90000000,95000000,60000000,70000000,,
Kyaggwe,Buikwe,Ngogwe,Namulesa,Nagunga (Village),60000000,70000000,40000000,55000000,25000000,30000000,,
Kyaggwe,Buikwe,Ngogwe,Namulesa,Ngongwe,70000000,80000000,45000000,55000000,35000000,40000000,,
Kyaggwe,Buikwe,Ngogwe,Namulesa,Nsabwa,55000000,70000000,35000000,45000000,25000000,30000000,,
Kyaggwe,Buikwe,Ngogwe,Namulesa,Namulesa,55000000,70000000,35000000,45000000,25000000,30000000,,
Kyaggwe,Buikwe,Ngogwe,Namulesa,Kibali,50000000,55000000,25000000,30000000,18000000,22000000,,
Kyaggwe,Buikwe,Ngogwe,Namulesa,Gamba,35000000,45000000,20000000,30000000,13000000,18000000,,
Kyaggwe,Buikwe,Ngogwe,Namulesa,Kalagala,45000000,50000000,35000000,40000000,25000000,30000000,,
Kyaggwe,Buikwe,Ngogwe,Namulesa,Kiwologoma,40000000,45000000,30000000,35000000,20000000,25000000,,
Kyaggwe,Buikwe,Ngogwe,Namulesa,Ggera,45000000,50000000,35000000,40000000,25000000,30000000,,
Kyaggwe,Buikwe,Ngogwe,Lubongo,Nampanyi,25000000,35000000,18000000,22000000,11000000,13000000,,
Kyaggwe,Buikwe,Ngogwe,Lubongo,Nakibaanga,35000000,40000000,25000000,30000000,18000000,22000000,,
Kyaggwe,Buikwe,Ngogwe,Lubongo,Kikoota,35000000,40000000,25000000,30000000,18000000,22000000,,
Kyaggwe,Buikwe,Ngogwe,Ndolwa,Ndolwa,25000000,30000000,18000000,22000000,13000000,16000000,,
Kyaggwe,Buikwe,Ngogwe,Ndolwa,Busansula,25000000,35000000,18000000,22000000,13000000,16000000,,
Kyaggwe,Buikwe,Ngogwe,Ndolwa,Nsonga,40000000,45000000,20000000,30000000,13000000,18000000,,
Kyaggwe,Buikwe,Ngogwe,Dungi,Buluutwe A,30000000,35000000,20000000,25000000,13000000,18000000,,
Kyaggwe,Buikwe,Ngogwe,Dungi,Buluutwe B,30000000,35000000,20000000,25000000,13000000,18000000,,
Kyaggwe,Buikwe,Ngogwe,Dungi,Natyole,30000000,35000000,20000000,25000000,13000000,18000000,,
Kyaggwe,Buikwe,Ngogwe,Kikwayi,Buyiri,30000000,35000000,25000000,30000000,18000000,22000000,,
Kyaggwe,Buikwe,Ngogwe,Kikwayi,Buyira,30000000,35000000,25000000,30000000,18000000,22000000,,
Kyaggwe,Buikwe,Ngogwe,Kikwayi,Kikuuba,25000000,30000000,20000000,25000000,18000000,22000000,,
Kyaggwe,Buikwe,Ngogwe,Kikwayi,Kikwaayi,25000000,30000000,18000000,22000000,16000000,18000000,,
Kyaggwe,Buikwe,Ngogwe,Kikwayi,Lugonjo,25000000,30000000,18000000,22000000,16000000,18000000,,
Kyaggwe,Buikwe,Ngogwe,Kikwayi,Maseke,30000000,35000000,25000000,30000000,20000000,25000000,,
Kyaggwe,Buikwe,Ngogwe,Kikwayi,Nalukolongo,35000000,40000000,30000000,35000000,20000000,25000000,,
Kyaggwe,Buikwe,Ngogwe,Kikwayi,Njovu,30000000,35000000,25000000,30000000,20000000,25000000,,
Kyaggwe,Buikwe,Nkokonjeru Town Council,Nkokonjeru ward,Naziwanga,45000000,55000000,25000000,35000000,18000000,22000000,,
Kyaggwe,Buikwe,Ssi,Lugala,Lugala,30000000,40000000,20000000,25000000,16000000,18000000,,
Kyaggwe,Buikwe,Ssi,Lugala,Lukka,30000000,40000000,20000000,25000000,16000000,18000000,,
Kyaggwe,Buikwe,Ssi,Lugala,Kanga,25000000,30000000,18000000,22000000,13000000,16000000,,
Kyaggwe,Buikwe,Ssi,Lugala,Sugu,25000000,30000000,18000000,22000000,13000000,16000000,,
Kyaggwe,Buikwe,Ssi,Lugala,Ssi,120000000,140000000,90000000,95000000,70000000,75000000,,
Kyaggwe,Buikwe,Ssi,Lugala,Kimbugu,25000000,35000000,18000000,25000000,13000000,16000000,,
Kyaggwe,Buikwe,Ssi,Lugala,Nakawali,25000000,30000000,18000000,22000000,13000000,16000000,,
Kyaggwe,Buikwe,Ssi,Lugala,Bukaya,25000000,35000000,18000000,25000000,13000000,16000000,,
Kyaggwe,Buikwe,Ssi,Lugoba,Lukubo,25000000,30000000,20000000,25000000,16000000,18000000,,
Kyaggwe,Buikwe,Ssi,Lugoba,Bubwa,25000000,30000000,20000000,25000000,16000000,18000000,,
Kyaggwe,Buikwe,Ssi,Lugoba,Kisigula,25000000,30000000,20000000,25000000,16000000,18000000,,
Kyaggwe,Buikwe,Ssi,Zitwe,Maigwe,25000000,30000000,20000000,25000000,16000000,18000000,,
Kyaggwe,Buikwe,Ssi,Zitwe,Seira,25000000,30000000,20000000,25000000,16000000,18000000,,
Kyaggwe,Buikwe,Ssi,Koba,Lugoba,30000000,40000000,25000000,30000000,18000000,22000000,,
Kyaggwe,Buikwe,Ssi,Koba,Koba Nabutiri,20000000,30000000,18000000,22000000,13000000,16000000,,
Kyaggwe,Buikwe,Ssi,Koba,Kiwungi,18000000,22000000,16000000,18000000,9000000,11000000,,
Kyaggwe,Buikwe,Ssi,Namukuma,Kigugo,25000000,30000000,20000000,25000000,13000000,18000000,,
Kyaggwe,Buikwe,Ssi,Namukuma,Mpuku/ Kasaali,20000000,25000000,18000000,22000000,13000000,18000000,,
Kyaggwe,Buikwe,Ssi,Bbinga,Buwera,20000000,25000000,18000000,25000000,11000000,16000000,,
Kyaggwe,Buikwe,Ssi,Bbinga,Mpuku,20000000,25000000,18000000,25000000,11000000,16000000,,
Kyaggwe,Buikwe,Lugazi Town Council,Namengo ward,Kasenke village (Kawolo Gombolola),130000000,160000000,105000000,130000000,70000000,90000000,,
Kyaggwe,Buikwe,Buikwe Town Council,Buikwe Ward,Buikwe Town,80000000,90000000,70000000,75000000,,,,
Kyaggwe,Buikwe,Buikwe Town Council,Buikwe Ward,Vuluga,40000000,50000000,25000000,35000000,,,,
Kyaggwe,Buikwe,Buikwe Town Council,Buikwe Ward,Gombolola,70000000,80000000,50000000,55000000,,,60000000,70000000
Kyaggwe,Buikwe,Buikwe Town Council,Buikwe Ward,Kyamabaale,45000000,55000000,35000000,45000000,25000000,30000000,,
Kyaggwe,Buikwe,Buikwe Town Council,Buikwe Ward,Mubeya,25000000,30000000,20000000,25000000,16000000,18000000,,
Kyaggwe,Buikwe,Buikwe,Kitazi,Kikoma,25000000,30000000,20000000,25000000,16000000,18000000,,
Kyaggwe,Buikwe,Buikwe,Kitazi,Kasubi Town,60000000,75000000,50000000,60000000,30000000,35000000,,
Kyaggwe,Buikwe,Buikwe,Kitazi,Kasubi village,35000000,40000000,25000000,35000000,18000000,22000000,,
Kyaggwe,Buikwe,Buikwe,Ssugu,Kyanja,35000000,40000000,25000000,35000000,18000000,22000000,,
Kyaggwe,Buikwe,Buikwe,Ssugu,Kikoma A,30000000,40000000,25000000,35000000,18000000,22000000,,
Kyaggwe,Buikwe,Buikwe,Ssugu,Kikoma B,30000000,40000000,25000000,35000000,18000000,22000000,,
Kyaggwe,Buikwe,Buikwe,Ssugu,Matale (Village),35000000,40000000,25000000,35000000,18000000,22000000,,
Kyaggwe,Buikwe,Buikwe,Ssugu,Matale (Town),75000000,90000000,60000000,75000000,50000000,55000000,,
Kyaggwe,Buikwe,Buikwe,Ssugu,Nakatyaba,35000000,40000000,25000000,35000000,18000000,22000000,,
Kyaggwe,Buikwe,Buikwe,Ssugu,Mutwe,35000000,40000000,25000000,35000000,18000000,22000000,,
Kyaggwe,Buikwe,Najjembe,Nsakya,Nsakya A (Gombolola),45000000,55000000,30000000,40000000,18000000,22000000,,
Kyaggwe,Buikwe,Najjembe,Nsakya,Nsakya B (Gombolola),45000000,55000000,30000000,40000000,18000000,22000000,,
Kyaggwe,Buikwe,Najjembe,Buvunya,Buwundo,45000000,55000000,30000000,40000000,18000000,22000000,,
Kyaggwe,Mukono,Kasawo,Kabimbiri,Kabimbiri,90000000,105000000,60000000,70000000,20000000,25000000,,
Kyaggwe,Mukono,Kasawo,Kabimbiri,Kigayaza I,45000000,50000000,30000000,40000000,20000000,25000000,,
Kyaggwe,Mukono,Kasawo,Kabimbiri,Kigayaza II,45000000,50000000,30000000,40000000,20000000,25000000,,
Kyaggwe,Mukono,Kasawo,Kabimbiri,Mindi,45000000,55000000,30000000,35000000,18000000,22000000,,
Kyaggwe,Mukono,Kasawo,Kabimbiri,Nasojjobe,45000000,55000000,30000000,35000000,18000000,22000000,,
Kyaggwe,Mukono,Kasawo,Kabimbiri,Sinda,45000000,50000000,25000000,30000000,18000000,22000000,,
Kyaggwe,Mukono,Kasawo,Kabimbiri,Kalyowa,45000000,50000000,25000000,30000000,18000000,22000000,,
Kyaggwe,Mukono,Kasawo,Kabimbiri,Kikandwa,45000000,55000000,30000000,35000000,18000000,22000000,,
Kyaggwe,Mukono,Kasawo,Kakukuulu,Bugabo,30000000,35000000,18000000,22000000,11000000,13000000,,
Kyaggwe,Mukono,Kasawo,Kakukuulu,Kakukuulu,18000000,22000000,16000000,18000000,11000000,13000000,,
Kyaggwe,Mukono,Kasawo,Kakukuulu,Kikube,18000000,22000000,16000000,18000000,11000000,13000000,,
Kyaggwe,Mukono,Kasawo,Kakukuulu,Kiwere,18000000,22000000,16000000,18000000,11000000,13000000,,
Kyaggwe,Mukono,Kasawo,Kakukuulu,Kizanyirizi,25000000,30000000,18000000,22000000,11000000,13000000,,
Kyaggwe,Mukono,Kasawo,Kakukuulu,Nkooko,25000000,30000000,18000000,22000000,11000000,13000000,,
Kyaggwe,Mukono,Kasawo,Kakukuulu,Nakidduduma,25000000,30000000,18000000,22000000,11000000,13000000,,
Kyaggwe,Mukono,Kasawo,Kakukuulu,Nakaswa,25000000,30000000,18000000,22000000,11000000,13000000,,
Kyaggwe,Mukono,Kasawo,Kasana,Kasana,35000000,40000000,25000000,30000000,18000000,22000000,,
Kyaggwe,Mukono,Kasawo,Kasana,Kitwe,25000000,30000000,18000000,22000000,13000000,16000000,,
Kyaggwe,Mukono,Kasawo,Kasana,Kiyagi,35000000,40000000,25000000,30000000,18000000,22000000,,
Kyaggwe,Mukono,Kasawo,Kasana,Buteyongera,25000000,30000000,18000000,22000000,13000000,16000000,,
Kyaggwe,Mukono,Kasawo,Kasana,Kakira,18000000,22000000,13000000,16000000,9000000,11000000,,
Kyaggwe,Mukono,Kasawo,Kasana,Kasala,18000000,22000000,15000000,18000000,11000000,13000000,,
Kyaggwe,Mukono,Kasawo,Kasana,Ndiba,25000000,30000000,18000000,22000000,13000000,16000000,,
Kyaggwe,Mukono,Kasawo,Kigogola,Buyuki,25000000,30000000,18000000,22000000,13000000,16000000,,
Kyaggwe,Mukono,Kasawo,Kigogola,Kateete,30000000,35000000,25000000,30000000,18000000,22000000,,
Kyaggwe,Mukono,Kasawo,Kigogola,Kigogola (Village),18000000,22000000,13000000,16000000,11000000,13000000,,
Kyaggwe,Mukono,Kasawo,Kigogola,Kigogola (Town),30000000,35000000,20000000,25000000,15000000,18000000,,
Kyaggwe,Mukono,Kasawo,Kigogola,Nnongo,25000000,30000000,18000000,22000000,11000000,13000000,,
Kyaggwe,Mukono,Kasawo,Kigogola,Nsanvu,25000000,30000000,18000000,22000000,13000000,16000000,,
Kyaggwe,Mukono,Kasawo,Kigogola,Kisonzi,25000000,30000000,18000000,22000000,13000000,16000000,,
Kyaggwe,Mukono,Kasawo,Kigogola,Wabuyinja,25000000,30000000,18000000,22000000,13000000,16000000,,
Kyaggwe,Mukono,Kasawo,Kigogola,Kibamba,20000000,25000000,18000000,22000000,13000000,16000000,,
Kyaggwe,Mukono,Kasawo,Kitovu,Kasawo,95000000,105000000,85000000,90000000,70000000,80000000,,
Kyaggwe,Mukono,Kasawo,Kitovu,Kasenge,60000000,70000000,50000000,60000000,45000000,50000000,,
Kyaggwe,Mukono,Kasawo,Kitovu,Kitegula,30000000,40000000,25000000,30000000,18000000,22000000,,
Kyaggwe,Mukono,Kasawo,Kitovu,Kitovu (Town),55000000,60000000,40000000,45000000,25000000,30000000,,
Kyaggwe,Mukono,Kasawo,Kitovu,Kitovu (village),35000000,40000000,25000000,30000000,18000000,22000000,,
Kyaggwe,Mukono,Kasawo,Kitovu,Kitunku,35000000,40000000,25000000,30000000,18000000,22000000,,
Kyaggwe,Mukono,Kasawo,Kitovu,Mubanda,35000000,40000000,25000000,30000000,18000000,22000000,,
Kyaggwe,Mukono,Kasawo,Namaliri,Gavu,40000000,50000000,35000000,40000000,25000000,30000000,,
Kyaggwe,Mukono,Kasawo,Namaliri,Kawututu,50000000,55000000,40000000,45000000,25000000,30000000,,
Kyaggwe,Mukono,Kasawo,Namaliri,Kigulu,50000000,55000000,40000000,45000000,25000000,30000000,,
Kyaggwe,Mukono,Kasawo,Namaliri,Namaliri,60000000,70000000,50000000,55000000,35000000,40000000,,
Kyaggwe,Mukono,Kasawo,Namaliri,Ndese (Town),60000000,70000000,50000000,55000000,35000000,40000000,,
Kyaggwe,Mukono,Kasawo,Namaliri,Ndese (Village),35000000,40000000,25000000,30000000,18000000,22000000,,
Kyaggwe,Mukono,Namuganga,Kitale,Katuuso,35000000,40000000,25000000,30000000,18000000,22000000,,
Kyaggwe,Mukono,Namuganga,Kitale,Kitale 'A',35000000,40000000,25000000,30000000,18000000,22000000,,
Kyaggwe,Mukono,Namuganga,Kitale,Kitale 'B',35000000,40000000,25000000,30000000,18000000,22000000,,
Kyaggwe,Mukono,Namuganga,Kitale,Kakooge,30000000,35000000,20000000,25000000,16000000,18000000,,
Kyaggwe,Mukono,Namuganga,Kitale,Kasiiso,25000000,30000000,20000000,25000000,16000000,18000000,,
Kyaggwe,Mukono,Namuganga,Kitale,Lusera,35000000,40000000,25000000,30000000,18000000,22000000,,
Kyaggwe,Mukono,Namuganga,Kitale,Magwa,30000000,35000000,20000000,25000000,16000000,18000000,,
Kyaggwe,Mukono,Namuganga,Kitale,Nakasenyi,35000000,40000000,25000000,30000000,18000000,22000000,,
Kyaggwe,Mukono,Namuganga,Kitale,Butwala,25000000,30000000,20000000,25000000,16000000,18000000,,
Kyaggwe,Mukono,Namuganga,Kitale,Kitale Busia,25000000,30000000,20000000,25000000,16000000,18000000,,
Kyaggwe,Mukono,Namuganga,Kituula,Gimbi I (Village),30000000,40000000,25000000,30000000,18000000,22000000,,
Kyaggwe,Mukono,Namuganga,Kituula,Gimbi I (Town),40000000,50000000,25000000,30000000,18000000,22000000,,
Kyaggwe,Mukono,Namuganga,Kituula,Gimbi II,35000000,40000000,25000000,30000000,18000000,22000000,,
Kyaggwe,Mukono,Namuganga,Kituula,Kituula,30000000,35000000,25000000,30000000,18000000,22000000,,
Kyaggwe,Mukono,Namuganga,Kituula,Kyanika,30000000,35000000,25000000,30000000,18000000,22000000,,
Kyaggwe,Mukono,Namuganga,Kituula,Kyewanise,35000000,45000000,25000000,30000000,18000000,22000000,,
Kyaggwe,Mukono,Namuganga,Kituula,Lugala,30000000,35000000,25000000,30000000,18000000,22000000,,
Kyaggwe,Mukono,Namuganga,Kituula,Mbulamuti,30000000,35000000,25000000,30000000,18000000,22000000,,
Kyaggwe,Mukono,Namuganga,Kayini,Bwegiire (Village),40000000,45000000,25000000,30000000,18000000,22000000,,
Kyaggwe,Mukono,Namuganga,Kayini,Bwegiire (Town),50000000,55000000,40000000,45000000,30000000,35000000,,
Kyaggwe,Mukono,Namuganga,Kayini,Kakukuulu,35000000,40000000,25000000,30000000,18000000,22000000,,
Kyaggwe,Mukono,Namuganga,Kayini,Kayini I,30000000,30000000,25000000,30000000,18000000,22000000,,
Kyaggwe,Mukono,Namuganga,Kayini,Kayini II,30000000,30000000,25000000,30000000,18000000,22000000,,
Kyaggwe,Mukono,Namuganga,Kayini,Kikoma,35000000,40000000,25000000,30000000,18000000,22000000,,
Kyaggwe,Mukono,Namuganga,Kayini,Kikondo,45000000,50000000,35000000,40000000,25000000,30000000,,
Kyaggwe,Mukono,Namuganga,Kayini,Kimegga,40000000,45000000,25000000,30000000,18000000,22000000,,
Kyaggwe,Mukono,Namuganga,Kayini,Kyajinja,35000000,40000000,25000000,30000000,18000000,22000000,,
Kyaggwe,Mukono,Namuganga,Kayini,Luguje,35000000,40000000,25000000,30000000,18000000,22000000,,
Kyaggwe,Mukono,Namuganga,Kayini,Nakyeeke,35000000,45000000,25000000,30000000,18000000,22000000,,
Kyaggwe,Mukono,Namuganga,Namuganga,Butumbiiri,50000000,55000000,35000000,40000000,25000000,30000000,,
Kyaggwe,Mukono,Namuganga,Namuganga,Kabumba,40000000,45000000,30000000,35000000,20000000,25000000,,
Kyaggwe,Mukono,Namuganga,Namuganga,Kibbuye,35000000,45000000,25000000,30000000,18000000,22000000,,
Kyaggwe,Mukono,Namuganga,Namuganga,Nabiga,35000000,45000000,25000000,30000000,18000000,22000000,,
Kyaggwe,Mukono,Namuganga,Namuganga,Namuganga East (Town),45000000,50000000,35000000,40000000,25000000,30000000,,
Kyaggwe,Mukono,Namuganga,Namuganga,Namuganga West (Village),30000000,35000000,25000000,30000000,18000000,22000000,,
Kyaggwe,Mukono,Namuganga,Namuganga,Kalangalo,40000000,45000000,30000000,35000000,20000000,25000000,,
Kyaggwe,Mukono,Namuganga,Namuganga,Nsagi,35000000,40000000,25000000,30000000,18000000,22000000,,
Kyaggwe,Mukono,Namuganga,Namuganga,Ntonto,35000000,40000000,25000000,30000000,18000000,22000000,,
Kyaggwe,Mukono,Namuganga,Namanoga,Bulongo,40000000,45000000,30000000,35000000,20000000,25000000,,
Kyaggwe,Mukono,Namuganga,Namanoga,Buyita,40000000,45000000,30000000,35000000,20000000,25000000,,
Kyaggwe,Mukono,Namuganga,Namanoga,Kaweeri,35000000,40000000,25000000,30000000,18000000,22000000,,
Kyaggwe,Mukono,Namuganga,Namanoga,Nakasejjere,30000000,35000000,20000000,25000000,16000000,18000000,,
Kyaggwe,Mukono,Namuganga,Namanoga,Namanoga,35000000,45000000,25000000,30000000,18000000,22000000,,
Kyaggwe,Mukono,Namuganga,Namanoga,Nsaabwa A,35000000,40000000,25000000,30000000,18000000,22000000,,
Kyaggwe,Mukono,Namuganga,Namanoga,Makenke,45000000,50000000,35000000,40000000,25000000,30000000,,
Kyaggwe,Mukono,Namuganga,Namanoga,Nsaabwa B,35000000,40000000,25000000,30000000,18000000,22000000,,
Kyaggwe,Mukono,Namuganga,Namanoga,Seeta,40000000,45000000,25000000,30000000,18000000,22000000,,
Kyaggwe,Mukono,Namuganga,Namanoga,Nakadindiri,40000000,45000000,25000000,30000000,18000000,22000000,,
Kyaggwe,Mukono,Namuganga,Namanoga,Mawotto,35000000,40000000,25000000,30000000,18000000,22000000,,
Buvuma,Buvuma,Buyaga,Buye,Buye,12000000,15000000,10000000,12000000,10000000,12000000,,
Buvuma,Buvuma,Busamuzi,Busamuzi,Bukayo,10000000,12000000,8000000,10000000,8000000,10000000,,
Buvuma,Buvuma,Busamuzi,Busamuzi,Butende,10000000,12000000,8000000,10000000,8000000,10000000,,
Buvuma,Buvuma,Busamuzi,Lingira,Bugabo,8000000,10000000,7000000,8000000,7000000,8000000,,
Buvuma,Buvuma,Busamuzi,Lunyanja,Kabubbu,6000000,8000000,5000000,6000000,5000000,6000000,,
Buvuma,Buvuma,Bweema,Bweema,Bweema,5000000,6000000,4000000,5000000,2000000,3000000,,
Buvuma,Buvuma,Nairamba,Buwanga,Bugema,12000000,15000000,8000000,10000000,8000000,10000000,,
Buvuma,Buvuma,Nairamba,Buwanga,Kitiko,6000000,8000000,4000000,5000000,2000000,3000000,,
Buvuma,Buvuma,Nairamba,Buwanga,Bukula,10000000,15000000,8000000,10000000,8000000,10000000,,
Buvuma,Buvuma,Nairamba,Buwanga,Namunyolo,12000000,15000000,8000000,10000000,8000000,10000000,,
Buvuma,Buvuma,Nairamba,Buwanga,Nairambi,12000000,15000000,8000000,10000000,8000000,10000000,,
Buvuma,Buvuma,Nairamba,Buwanga,Seeja,8000000,10000000,5000000,7000000,3000000,4000000,,
Buvuma,Buvuma,Nairamba,Luufu,Lukale,10000000,12000000,8000000,10000000,8000000,10000000,,
Buvuma,Buvuma,Nairamba,Magyo,Bubasi,10000000,12000000,8000000,10000000,8000000,10000000,,
Buvuma,Buvuma,Nairamba,Magyo,Bugongo,10000000,12000000,8000000,10000000,8000000,10000000,,
Buvuma,Buvuma,Nairamba,Magyo,Bumazime,10000000,12000000,8000000,10000000,8000000,10000000,,
Buvuma,Buvuma,Nairamba,Magyo,Busoba,10000000,12000000,8000000,10000000,8000000,10000000,,
Buvuma,Buvuma,Nairamba,Magyo,Kekejje,10000000,12000000,8000000,10000000,8000000,10000000,,
Buvuma,Buvuma,Nairamba,Magyo,Magyo Central,13000000,15000000,10000000,12000000,10000000,12000000,,
Buvuma,Buvuma,Nairamba,Magyo,Munyama,8000000,10000000,6000000,7000000,6000000,7000000,,
Buvuma,Buvuma,Nairamba,Magyo,Genda,8000000,10000000,6000000,7000000,6000000,7000000,,
Buvuma,Buvuma,Nairamba,Magyo,Buyando,8000000,10000000,6000000,7000000,6000000,7000000,,
Buvuma,Buvuma,Nairamba,Namiti,Lubya,10000000,12000000,8000000,10000000,8000000,10000000,,
Buvuma,Buvuma,Buvuma Town Council,Walwanda Ward,Walwanda,7000000,8000000,7000000,8000000,6000000,7000000,,
Buvuma,Buvuma,Buvuma Town Council,Walwanda Ward,Lunyanja,7000000,8000000,5000000,6000000,3000000,4000000,,
Buvuma,Buvuma,Buvuma Town Council,Buwanga Ward,Kitamiro,8000000,10000000,6000000,7000000,3000000,4000000,,
Buvuma,Buvuma,Buvuma Town Council,Buwanga Ward,Buliba,8000000,10000000,6000000,7000000,3000000,4000000,,
Buvuma,Buvuma,Buvuma Town Council,Buwanga Ward,Bukambe,8000000,10000000,6000000,7000000,3000000,4000000,,
Buvuma,Buvuma,Buvuma Town Council,Buwanga Ward,Bugaya,5000000,7000000,4000000,5000000,3000000,4000000,,
Bugerere,Kayunga,Bbaale,Bbaale,Bbaale East,7000000,9000000,4000000,5000000,3000000,4000000,,
Bugerere,Kayunga,Bbaale,Bbaale,Bbaale West,7000000,9000000,4000000,5000000,3000000,4000000,,
Bugerere,Kayunga,Bbaale,Bbaale,Kanamugaddu,7000000,9000000,4000000,5000000,3000000,4000000,,
Bugerere,Kayunga,Bbaale,Bbaale,Kyansande,7000000,9000000,4000000,5000000,3000000,4000000,,
Bugerere,Kayunga,Bbaale,Bbaale,Mukondo,7000000,9000000,4000000,5000000,3000000,4000000,,
Bugerere,Kayunga,Bbaale,Bbaale,Wabirumba,7000000,9000000,4000000,5000000,3000000,4000000,,
Bugerere,Kayunga,Bbaale,Nakitokolo,Kabaku,7000000,9000000,6000000,7000000,3000000,5000000,,
Bugerere,Kayunga,Galiraya,Galiraya,Galiraya,8000000,10000000,5000000,7000000,3000000,5000000,,
Bugerere,Kayunga,Galiraya,Galiraya,Kidibya A,8000000,10000000,5000000,7000000,3000000,5000000,,
Bugerere,Kayunga,Galiraya,Galiraya,Kidibya B,8000000,10000000,5000000,7000000,3000000,5000000,,
Bugerere,Kayunga,Galiraya,Galiraya,Kiwuula,8000000,10000000,5000000,7000000,3000000,5000000,,
Bugerere,Kayunga,Galiraya,Galiraya,Kiyiga Butayunja,8000000,10000000,5000000,7000000,3000000,5000000,,
Bugerere,Kayunga,Galiraya,Galiraya,Kiwongoire,8000000,10000000,5000000,7000000,3000000,5000000,,
Bugerere,Kayunga,Galiraya,Namalere,Bweyale A,9000000,10000000,7000000,8000000,3000000,5000000,,
Bugerere,Kayunga,Galiraya,Namalere,Bweyale B,9000000,10000000,7000000,8000000,3000000,5000000,,
Bugerere,Kayunga,Galiraya,Ntimba,Misozi,9000000,10000000,7000000,8000000,3000000,5000000,,
Bugerere,Kayunga,Kayonza,Kanywero,Kiseeta A,18000000,22000000,13000000,18000000,8000000,10000000,,
Bugerere,Kayunga,Kayonza,Kanywero,Kiseeta B,18000000,22000000,13000000,18000000,8000000,10000000,,
Bugerere,Kayunga,Kayonza,Kanywero,Wunga,18000000,22000000,13000000,18000000,8000000,10000000,,
Bugerere,Kayunga,Kayonza,Namaliri,Kayonza,18000000,22000000,10000000,15000000,6000000,7000000,,
Bugerere,Kayunga,Kayunga Town Council,Ntenjeru Ward,Kyambogo,90000000,105000000,50000000,60000000,35000000,40000000,70000000,80000000
Bugerere,Kayunga,Kayunga Town Council,Ntenjeru Ward,Nakaliro,90000000,105000000,50000000,60000000,35000000,40000000,70000000,80000000
Bugerere,Kayunga,Kayunga Town Council,Ntenjeru Ward,Ntenjeru A,105000000,120000000,60000000,70000000,40000000,45000000,80000000,90000000
Bugerere,Kayunga,Kayunga Town Council,Ntenjeru Ward,Ntenjeru B,105000000,120000000,60000000,70000000,40000000,45000000,80000000,90000000
Bugerere,Kayunga,Kayunga Town Council,Ntenjeru Ward,Tente,80000000,90000000,55000000,60000000,40000000,45000000,60000000,70000000
Bugerere,Kayunga,Kayunga Town Council,West/Kibir a Ward,kisawo,105000000,130000000,70000000,80000000,45000000,55000000,80000000,90000000
Bugerere,Kayunga,Kayunga Town Council,West/Kibir a Ward,Kibira,105000000,130000000,70000000,80000000,45000000,55000000,80000000,90000000
Bugerere,Kayunga,Kayunga Town Council,West/Kibir a Ward,Kayunga West,105000000,130000000,70000000,80000000,45000000,55000000,80000000,90000000
Bugerere,Kayunga,Kayunga Town Council,Kayunga Central,Kayunga North,160000000,180000000,105000000,130000000,80000000,90000000,130000000,160000000
Bugerere,Kayunga,Kayunga Town Council,Kayunga Central,Kayunga central,160000000,180000000,140000000,185000000,80000000,90000000,130000000,160000000
Bugerere,Kayunga,Kayunga Town Council,Namagabi,Namagabi A,60000000,70000000,35000000,45000000,20000000,25000000,50000000,60000000
Bugerere,Kayunga,Kayunga Town Council,Namagabi,Namagabi B,60000000,70000000,35000000,45000000,20000000,25000000,50000000,60000000
Bugerere,Kayunga,Kayunga Town Council,Namagabi,Kivulu,55000000,60000000,70000000,80000000,30000000,35000000,,
Bugerere,Kayunga,Kayunga Town Council,Namagabi,Wanyanga,55000000,60000000,40000000,45000000,20000000,25000000,,
Bugerere,Kayunga,Kayunga Town Council,Namagabi,Kisaaba,50000000,55000000,40000000,45000000,20000000,25000000,,
Bugerere,Kayunga,Kayunga Town Council,Bukoloto ward,Kamunye,45000000,55000000,25000000,35000000,16000000,18000000,,
Bugerere,Kayunga,Kayunga Town Council,Bukoloto ward,Kakowekoowe,45000000,55000000,25000000,35000000,16000000,18000000,,
Bugerere,Kayunga,Kayunga Town Council,Bukoloto ward,Asoni Kaggwa,45000000,55000000,25000000,35000000,16000000,18000000,,
Bugerere,Kayunga,Kayunga Town Council,Bukoloto ward,Sajjabbi,45000000,55000000,25000000,35000000,16000000,18000000,,
Bugerere,Kayunga,Kayunga Town Council,Bukoloto ward,Ndeeba,35000000,45000000,20000000,25000000,13000000,16000000,,
Bugerere,Kayunga,Kayunga,Bukoloto,Bukoloto,35000000,40000000,25000000,30000000,18000000,22000000,,
Bugerere,Kayunga,Kayunga,Bukoloto,Butakoola,40000000,45000000,25000000,30000000,18000000,22000000,,
Bugerere,Kayunga,Kayunga,Bukoloto,Bwetyaba,40000000,45000000,25000000,30000000,18000000,22000000,,
Bugerere,Kayunga,Kayunga,Bukoloto,Gaaza,45000000,55000000,35000000,40000000,25000000,30000000,,
Bugerere,Kayunga,Kayunga,Bukoloto,Kyambogo,45000000,50000000,35000000,40000000,25000000,30000000,,
Bugerere,Kayunga,Kayunga,Bukoloto,Kyampisi,40000000,45000000,25000000,30000000,18000000,22000000,,
Bugerere,Kayunga,Kayunga,Bukoloto,Nawandagala,40000000,45000000,25000000,30000000,18000000,22000000,,
Bugerere,Kayunga,Kayunga,Bukoloto,Ntooke,35000000,40000000,25000000,30000000,18000000,22000000,,
Bugerere,Kayunga,Kayunga,Nakaseeta,Kisombwa,55000000,60000000,45000000,55000000,35000000,40000000,,
Bugerere,Kayunga,Kayunga,Nakaseeta,Kiryamuli,50000000,55000000,35000000,40000000,25000000,30000000,,
Bugerere,Kayunga,Kayunga,Nakaseeta,Nakaseeta A,50000000,55000000,35000000,40000000,25000000,30000000,,
Bugerere,Kayunga,Kayunga,Nakaseeta,Nakaseeta B,50000000,55000000,35000000,40000000,25000000,30000000,,
Bugerere,Kayunga,Kayunga,Nakaseeta,Nakaziba,50000000,55000000,45000000,50000000,35000000,40000000,,
Bugerere,Kayunga,Kayunga,Nakaseeta,Wankyayiraki,45000000,50000000,35000000,40000000,25000000,30000000,,
Bugerere,Kayunga,Kayunga,Nakaseeta,Nawandagala,45000000,50000000,35000000,40000000,25000000,30000000,,
Bugerere,Kayunga,Kayunga,Kiteredde,Bugogge,35000000,45000000,25000000,30000000,18000000,22000000,,
Bugerere,Kayunga,Kayunga,Kiteredde,Kagoye,40000000,45000000,25000000,30000000,18000000,22000000,,
Bugerere,Kayunga,Kayunga,Kiteredde,Kisagazi,45000000,50000000,30000000,35000000,20000000,25000000,,
Bugerere,Kayunga,Kayunga,Kiteredde,Kiteredde,40000000,45000000,25000000,30000000,18000000,22000000,,
Bugerere,Kayunga,Kayunga,Kiteredde,Wabiggwo,35000000,40000000,25000000,30000000,18000000,22000000,,
Bugerere,Kayunga,Kayunga,Busaale,Busaale,45000000,50000000,35000000,40000000,25000000,30000000,,
Bugerere,Kayunga,Kayunga,Busaale,Katikamu,50000000,55000000,45000000,50000000,35000000,40000000,,
Bugerere,Kayunga,Kayunga,Busaale,Kito,35000000,40000000,25000000,30000000,18000000,22000000,,
Bugerere,Kayunga,Kayunga,Busaale,Kyebanja A,40000000,45000000,25000000,30000000,18000000,22000000,,
Bugerere,Kayunga,Kayunga,Busaale,Kyebanja B,40000000,45000000,25000000,30000000,18000000,22000000,,
Bugerere,Kayunga,Kayunga,Bubajwe,Bubajjwe A,45000000,55000000,35000000,40000000,25000000,30000000,,
Bugerere,Kayunga,Kayunga,Bubajwe,Kaazi A,45000000,50000000,35000000,40000000,25000000,30000000,,
Bugerere,Kayunga,Kayunga,Bubajwe,Nalumuli,35000000,40000000,25000000,30000000,18000000,22000000,,
Bugerere,Kayunga,Kayunga,Bubajwe,Nalyamabidde A,40000000,45000000,25000000,30000000,18000000,22000000,,
Bugerere,Kayunga,Kayunga,Bubajwe,Namatogonya,40000000,45000000,25000000,30000000,18000000,22000000,,
Bugerere,Kayunga,Kayunga,Bubajwe,Wajjanzi,30000000,35000000,20000000,25000000,16000000,18000000,,
Bugerere,Kayunga,Kayunga,Bubajwe,Bubajjwe B,35000000,40000000,25000000,30000000,18000000,22000000,,
Bugerere,Kayunga,Kayunga,Bubajwe,Kaazi B,35000000,40000000,25000000,30000000,18000000,22000000,,
Bugerere,Kayunga,Kayunga,Bubajwe,Nalyamabidde B,40000000,45000000,25000000,30000000,18000000,22000000,,
Bugerere,Kayunga,Kayunga,Buyobe,Nfufu,40000000,45000000,25000000,30000000,18000000,22000000,,
Bugerere,Kayunga,Kayunga,Buyobe,Kyanya,35000000,40000000,25000000,30000000,18000000,22000000,,
Bugerere,Kayunga,Kayunga,Buyobe,Buyobe,30000000,35000000,20000000,25000000,16000000,18000000,,
Bugerere,Kayunga,Kayunga,Buyobe,Bulyankuyege,30000000,35000000,20000000,25000000,16000000,18000000,,
Bugerere,Kayunga,Kayunga,Buyobe,Buwungiro,35000000,40000000,25000000,30000000,18000000,22000000,,
Bugerere,Kayunga,Kayunga,Buyobe,Kanjuki/ Wabisonko,35000000,40000000,25000000,30000000,18000000,22000000,,
Bugerere,Kayunga,Kayunga,Buyobe,Kawuku,40000000,45000000,25000000,30000000,18000000,22000000,,
Bugerere,Kayunga,Kayunga,Buyobe,Kokotero/ Gwanika,45000000,55000000,35000000,40000000,25000000,30000000,,
Bugerere,Kayunga,Kayunga,Buyobe,Kyanika,45000000,50000000,35000000,40000000,25000000,30000000,,
Bugerere,Kayunga,Kayunga,Bukujju,Bukujju,45000000,55000000,35000000,40000000,25000000,30000000,,
Bugerere,Kayunga,Kayunga,Bukujju,Kanjuki,40000000,45000000,25000000,30000000,18000000,22000000,,
Bugerere,Kayunga,Kayunga,Bukujju,Busolo,35000000,40000000,25000000,30000000,18000000,22000000,,
Bugerere,Kayunga,Kayunga,Bukujju,Kiyagi,35000000,40000000,25000000,30000000,18000000,22000000,,
Bugerere,Kayunga,Kayunga,Bukujju,Kyamimbi,35000000,45000000,25000000,30000000,18000000,22000000,,
Bugerere,Kayunga,Kayunga,Bukujju,Nalweweta,35000000,45000000,25000000,30000000,18000000,22000000,,
Bugerere,Kayunga,Kayunga,Nsotoka,Namulanda,35000000,40000000,25000000,30000000,18000000,22000000,,
Bugerere,Kayunga,Kayunga,Nsotoka,Kiwooza A,40000000,45000000,30000000,35000000,20000000,25000000,,
Bugerere,Kayunga,Kayunga,Nsotoka,Kiwooza B,40000000,45000000,30000000,35000000,20000000,25000000,,
Bugerere,Kayunga,Kayunga,Nsotoka,Buyungiizi,35000000,45000000,30000000,35000000,20000000,25000000,,
Bugerere,Kayunga,Kayunga,Nsotoka,Mataba,35000000,45000000,30000000,35000000,20000000,25000000,,
Bugerere,Kayunga,Kayunga,Nsotoka,Kisagazi,45000000,50000000,35000000,40000000,25000000,30000000,,
Bugerere,Kayunga,Kayunga,Nsotoka,Bunyumya,45000000,50000000,35000000,40000000,25000000,30000000,,
Bugerere,Kayunga,Kayunga,Nsotoka,Njalebireese,30000000,35000000,20000000,25000000,16000000,18000000,,
Bugerere,Kayunga,Kayunga,Nsotoka,Nsotoka,35000000,40000000,25000000,30000000,18000000,22000000,,
Bugerere,Kayunga,Kayunga,Nsotoka,Ssukka,30000000,35000000,20000000,25000000,16000000,18000000,,
Bugerere,Kayunga,Nazigo,Bukamba,Buguvu,35000000,50000000,25000000,30000000,18000000,22000000,,
Bugerere,Kayunga,Nazigo,Bukamba,Bukamba A,40000000,45000000,30000000,35000000,20000000,25000000,,
Bugerere,Kayunga,Nazigo,Bukamba,Bukamba B,40000000,45000000,30000000,35000000,20000000,25000000,,
Bugerere,Kayunga,Nazigo,Bukamba,Bukamba Town,55000000,60000000,40000000,45000000,25000000,30000000,,
Bugerere,Kayunga,Nazigo,Bukamba,Gayaza,45000000,50000000,30000000,35000000,20000000,25000000,,
Bugerere,Kayunga,Nazigo,Bukamba,Kiswa,35000000,40000000,25000000,30000000,18000000,22000000,,
Bugerere,Kayunga,Nazigo,Bukamba,Namirembe,40000000,45000000,25000000,30000000,18000000,22000000,,
Bugerere,Kayunga,Nazigo,Katikanyon yi,Budooda,35000000,45000000,25000000,30000000,18000000,22000000,,
Bugerere,Kayunga,Nazigo,Katikanyon yi,Katikanyonyi,35000000,40000000,25000000,30000000,18000000,22000000,,
Bugerere,Kayunga,Nazigo,Katikanyon yi,Kiteredde,30000000,35000000,20000000,25000000,16000000,18000000,,
Bugerere,Kayunga,Nazigo,Katikanyon yi,Kiwuba,35000000,40000000,25000000,30000000,18000000,22000000,,
Bugerere,Kayunga,Nazigo,Katikanyon yi,Nakatooke,35000000,45000000,25000000,30000000,18000000,22000000,,
Bugerere,Kayunga,Nazigo,Kimaanya,Gangama,35000000,40000000,25000000,30000000,18000000,22000000,,
Bugerere,Kayunga,Nazigo,Kimaanya,Kimaanya,35000000,50000000,25000000,30000000,18000000,22000000,,
Bugerere,Kayunga,Nazigo,Kimaanya,Kisoga,40000000,45000000,25000000,30000000,18000000,22000000,,
Bugerere,Kayunga,Nazigo,Kimaanya,Kiziika,35000000,40000000,25000000,30000000,18000000,22000000,,
Bugerere,Kayunga,Nazigo,Kimaanya,Kyetume,35000000,40000000,25000000,30000000,18000000,22000000,,
Bugerere,Kayunga,Nazigo,Kirindi,Damba,40000000,45000000,25000000,30000000,18000000,22000000,,
Bugerere,Kayunga,Nazigo,Kirindi,Kasega,35000000,40000000,25000000,30000000,18000000,22000000,,
Bugerere,Kayunga,Nazigo,Kirindi,Kirindi,30000000,35000000,20000000,25000000,16000000,18000000,,
Bugerere,Kayunga,Nazigo,Kirindi,Nakakonge,25000000,30000000,20000000,25000000,16000000,18000000,,
Bugerere,Kayunga,Nazigo,Kirindi,Nsima- Kibaati,30000000,35000000,20000000,25000000,16000000,18000000,,
Bugerere,Kayunga,Nazigo,Kirindi,Zakalia zone,25000000,30000000,20000000,25000000,16000000,18000000,,
Bugerere,Kayunga,Nazigo,Natteta,Busagazi,20000000,25000000,16000000,18000000,11000000,13000000,,
Bugerere,Kayunga,Nazigo,Natteta,Gombolola Zone,20000000,25000000,16000000,18000000,11000000,13000000,,
Bugerere,Kayunga,Nazigo,Natteta,Kawonawo zone,20000000,25000000,16000000,18000000,11000000,13000000,,
Bugerere,Kayunga,Nazigo,Natteta,Kinyala Zone,20000000,25000000,16000000,18000000,11000000,13000000,,
Bugerere,Kayunga,Nazigo,Natteta,Kiribedda,20000000,25000000,16000000,18000000,11000000,13000000,,
Bugerere,Kayunga,Nazigo,Natteta,Seeta,20000000,25000000,16000000,18000000,11000000,13000000,,
Bugerere,Kayunga,Nazigo,Natteta,Nakatovu,20000000,25000000,16000000,18000000,11000000,13000000,,
Bugerere,Kayunga,Nazigo,Natteta,Natteta,20000000,25000000,16000000,18000000,11000000,13000000,,
Bugerere,Kayunga,Nazigo,Natteta,Nazigo Village,20000000,25000000,16000000,18000000,11000000,13000000,,
Bugerere,Kayunga,Nazigo,Natteta,Old Nazigo,20000000,25000000,16000000,18000000,11000000,13000000,,
Bugerere,Kayunga,Nazigo,Natteta,Wabirongo,20000000,25000000,16000000,18000000,11000000,13000000,,
Bugerere,Kayunga,Nazigo,Nazigo,Kigobero,20000000,25000000,18000000,22000000,13000000,16000000,,
Bugerere,Kayunga,Nazigo,Nazigo,Kirimantungo,20000000,25000000,18000000,22000000,13000000,16000000,,
Bugerere,Kayunga,Nazigo,Nazigo,Kotwe,20000000,25000000,18000000,22000000,13000000,16000000,,
Bugerere,Kayunga,Nazigo,Nazigo,Kyampisi,20000000,25000000,18000000,22000000,13000000,16000000,,
Bugerere,Kayunga,Nazigo,Nazigo,Magala,20000000,25000000,18000000,22000000,13000000,16000000,,
Bugerere,Kayunga,Nazigo,Nazigo,Nakakonge,20000000,25000000,18000000,22000000,13000000,16000000,,
Bugerere,Kayunga,Nazigo,Nazigo,South,20000000,25000000,18000000,22000000,13000000,16000000,,
Bugerere,Kayunga,Nazigo,Nazigo,Kayunga 180,20000000,25000000,18000000,22000000,13000000,16000000,,
Bugerere,Kayunga,Nazigo,Nazigo,Nazigo-Kiseveni,20000000,25000000,18000000,22000000,13000000,16000000,,
Bugerere,Kayunga,Nazigo,Nazigo,Senda,20000000,25000000,18000000,22000000,13000000,16000000,,
Bugerere,Kayunga,Nazigo,Nsiima,Kiremeezi A,20000000,25000000,18000000,22000000,13000000,16000000,,
Bugerere,Kayunga,Nazigo,Nsiima,Kiremeezi B,20000000,25000000,18000000,22000000,13000000,16000000,,
Bugerere,Kayunga,Nazigo,Nsiima,Kotwe D,20000000,25000000,18000000,22000000,13000000,16000000,,
Bugerere,Kayunga,Nazigo,Nsiima,Nazigo Hqrs,20000000,25000000,18000000,22000000,13000000,16000000,,
Bugerere,Kayunga,Nazigo,Nsiima,Nsiima,20000000,25000000,18000000,22000000,13000000,16000000,,
Bugerere,Kayunga,Nazigo,Nsiima,Salaama,20000000,25000000,18000000,22000000,13000000,16000000,,
Bugerere,Kayunga,Nazigo,Nsiima,Sporta,20000000,25000000,18000000,22000000,13000000,16000000,,
Bugerere,Kayunga,Kangulumira,Kangulumira,Kalagala,60000000,70000000,40000000,50000000,,,60000000,65000000
Bugerere,Kayunga,Kangulumira,Kangulumira,Kangulumira,80000000,80000000,50000000,60000000,,,,
Bugerere,Kayunga,Kangulumira,Kangulumira,Kasambya,40000000,50000000,35000000,40000000,20000000,25000000,,
Bugerere,Kayunga,Kangulumira,Kangulumira,Kitabazi,40000000,50000000,35000000,40000000,20000000,25000000,,
Bugerere,Kayunga,Kangulumira,Kangulumira,Kiwalasi,40000000,50000000,35000000,40000000,20000000,25000000,,
Bugerere,Kayunga,Kangulumira,Kangulumira,Kiwugu,40000000,50000000,35000000,40000000,20000000,25000000,,
Bugerere,Kayunga,Kangulumira,Kangulumira,Soona,40000000,50000000,35000000,40000000,20000000,25000000,,
Bugerere,Kayunga,Kangulumira,Kangulumira,Makindye,40000000,50000000,35000000,40000000,20000000,25000000,,
Bugerere,Kayunga,Kangulumira,Kangulumira,Kanyogoga,40000000,50000000,35000000,40000000,20000000,25000000,,
Bugerere,Kayunga,Kangulumira,Kangulumira,Kibira,40000000,50000000,35000000,40000000,20000000,25000000,,
Bugerere,Kayunga,Kangulumira,Kangulumira,Mutukula,40000000,50000000,35000000,40000000,20000000,25000000,,
Bugerere,Kayunga,Kangulumira,Kangulumira,Kakande Zone,40000000,50000000,35000000,40000000,20000000,25000000,,
Bugerere,Kayunga,Kangulumira,Kawoomya,Bukeeka,20000000,25000000,16000000,18000000,11000000,13000000,,
Bugerere,Kayunga,Kangulumira,Kawoomya,Kawoomya,20000000,25000000,16000000,18000000,11000000,13000000,,
Bugerere,Kayunga,Kangulumira,Kawoomya,Kungu,20000000,25000000,16000000,18000000,11000000,13000000,,
Bugerere,Kayunga,Kangulumira,Kawoomya,Magalita,20000000,25000000,16000000,18000000,11000000,13000000,,
Bugerere,Kayunga,Kangulumira,Kawoomya,Mirembe,20000000,25000000,16000000,18000000,11000000,13000000,,
Bugerere,Kayunga,Kangulumira,Kawoomya,Kalidasi,20000000,25000000,16000000,18000000,11000000,13000000,,
Bugerere,Kayunga,Kangulumira,Kigayaza,Kamira,25000000,30000000,18000000,22000000,11000000,13000000,,
Bugerere,Kayunga,Kangulumira,Kigayaza,Kigayaza,25000000,30000000,18000000,22000000,11000000,13000000,,
Bugerere,Kayunga,Kangulumira,Kigayaza,kitambuza,25000000,30000000,18000000,22000000,11000000,13000000,,
Bugerere,Kayunga,Kangulumira,Kigayaza,Nakatundu,25000000,30000000,18000000,22000000,11000000,13000000,,
Bugerere,Kayunga,Kangulumira,Kikwanya,Kibetu,25000000,30000000,18000000,22000000,11000000,13000000,,
Bugerere,Kayunga,Kangulumira,Kikwanya,Kikwanya,25000000,30000000,18000000,22000000,11000000,13000000,,
Bugerere,Kayunga,Kangulumira,Kikwanya,Kimooli,25000000,30000000,18000000,22000000,11000000,13000000,,
Bugerere,Kayunga,Kangulumira,Kikwanya,Kireku,25000000,30000000,18000000,22000000,11000000,13000000,,
Bugerere,Kayunga,Kangulumira,Kikwanya,Kizawula,25000000,30000000,18000000,22000000,11000000,13000000,,
Bugerere,Kayunga,Kangulumira,Kikwanya,Kyabakadde,25000000,30000000,18000000,22000000,11000000,13000000,,
Bugerere,Kayunga,Kangulumira,Kikwanya,Mayaga,25000000,30000000,18000000,22000000,11000000,13000000,,
Bugerere,Kayunga,Kangulumira,Kikwanya,Musamya,25000000,30000000,18000000,22000000,11000000,13000000,,
Bugerere,Kayunga,Kangulumira,Nakatundu,Kisega,20000000,25000000,13000000,18000000,9000000,11000000,,
Bugerere,Kayunga,Kangulumira,Nakatundu,Mbulakati,20000000,25000000,13000000,18000000,9000000,11000000,,
Bugerere,Kayunga,Kangulumira,Nakatundu,Nongo,20000000,25000000,13000000,18000000,9000000,11000000,,
Bugerere,Kayunga,Kangulumira,Nakatundu,Rwanda,20000000,25000000,13000000,18000000,9000000,11000000,,
Bugerere,Kayunga,Kangulumira,Nakatundu,Wabukwa,20000000,25000000,13000000,18000000,9000000,11000000,,
Bugerere,Kayunga,Kangulumira,Nakatundu,Mwolola,20000000,25000000,13000000,18000000,9000000,11000000,,
Bugerere,Kayunga,Kangulumira,Seeta-nyiize,Bukasa,25000000,30000000,18000000,22000000,13000000,16000000,,
Bugerere,Kayunga,Kangulumira,Seeta-nyiize,Kayunga,25000000,30000000,18000000,22000000,13000000,16000000,,
Bugerere,Kayunga,Kangulumira,Seeta-nyiize,Nakirubi,25000000,30000000,18000000,22000000,13000000,16000000,,
Bugerere,Kayunga,Kangulumira,Seeta-nyiize,Namakandwa,25000000,30000000,18000000,22000000,13000000,16000000,,
Bugerere,Kayunga,Kangulumira,Seeta-nyiize,Nyiize,25000000,30000000,18000000,22000000,13000000,16000000,,
Bugerere,Kayunga,Kangulumira,Seeta-nyiize,Seeta,25000000,30000000,18000000,22000000,13000000,16000000,,
Bugerere,Kayunga,Kangulumira,Seeta-nyiize,Wantayi,25000000,30000000,18000000,22000000,13000000,16000000,,
Bugerere,Kayunga,Kangulumira,Seeta-nyiize,Kayinja,25000000,30000000,18000000,22000000,13000000,16000000,,
Bugerere,Kayunga,Kangulumira,Seeta-nyiize,Wampeewo,25000000,30000000,18000000,22000000,13000000,16000000,,
Bugerere,Kayunga,Busaana,Nampanyi,Bukungulu,25000000,30000000,18000000,22000000,13000000,16000000,,
Bugerere,Kayunga,Busaana,Nampanyi,Kireku Nampanyi,25000000,30000000,18000000,22000000,13000000,16000000,,
Bugerere,Kayunga,Busaana,Nampanyi,Nakakandwa,25000000,30000000,18000000,22000000,13000000,16000000,,
Bugerere,Kayunga,Busaana,Nampanyi,Lusaana,25000000,30000000,18000000,22000000,13000000,16000000,,
Bugerere,Kayunga,Busaana,Nampanyi,Nampanyi,25000000,30000000,18000000,22000000,13000000,16000000,,
Bugerere,Kayunga,Busaana,Kasana,Bugaddu,35000000,40000000,25000000,30000000,18000000,22000000,,
Bugerere,Kayunga,Busaana,Kasana,Busaana,35000000,40000000,25000000,30000000,18000000,22000000,,
Bugerere,Kayunga,Busaana,Kasana,Kasana I,35000000,40000000,25000000,30000000,18000000,22000000,,
Bugerere,Kayunga,Busaana,Kasana,Kasana II,35000000,40000000,25000000,30000000,18000000,22000000,,
Bugerere,Kayunga,Busaana,Kasana,Kasan Bukolwa,35000000,40000000,25000000,30000000,18000000,22000000,,
Bugerere,Kayunga,Busaana,Kasana,Wabusonko,35000000,40000000,25000000,30000000,18000000,22000000,,
Bugerere,Kayunga,Busaana,Kasana,Bugobero,35000000,40000000,25000000,30000000,18000000,22000000,,
Bugerere,Kayunga,Busaana,Kiwangula,Buyungirizi,30000000,35000000,20000000,25000000,13000000,16000000,,
Bugerere,Kayunga,Busaana,Kiwangula,Kiwangula,30000000,35000000,20000000,25000000,13000000,16000000,,
Bugerere,Kayunga,Busaana,Kiwangula,Nakatovu,30000000,35000000,20000000,25000000,13000000,16000000,,
Bugerere,Kayunga,Busaana,Kiwangula,Ngeye,30000000,35000000,20000000,25000000,13000000,16000000,,
Bugerere,Kayunga,Busaana,Kiwangula,Wampongo,30000000,35000000,20000000,25000000,13000000,16000000,,
Bugerere,Kayunga,Busaana,Kiwangula,Wanjuki,30000000,35000000,20000000,25000000,13000000,16000000,,
Bugerere,Kayunga,Busaana,Kiwangula,Wantete A,30000000,35000000,20000000,25000000,13000000,16000000,,
Bugerere,Kayunga,Busaana,Kiwangula,Wantete B,30000000,35000000,20000000,25000000,13000000,16000000,,
Bugerere,Kayunga,Busaana,Lusenke,Bakutta,30000000,35000000,20000000,25000000,13000000,16000000,,
Bugerere,Kayunga,Busaana,Lusenke,Bugaddu,30000000,35000000,20000000,25000000,13000000,16000000,,
Bugerere,Kayunga,Busaana,Lusenke,Bunzibiridde,30000000,35000000,20000000,25000000,13000000,16000000,,
Bugerere,Kayunga,Busaana,Lusenke,Busunsuli,30000000,35000000,20000000,25000000,13000000,16000000,,
Bugerere,Kayunga,Busaana,Lusenke,Kibuzi,30000000,35000000,20000000,25000000,13000000,16000000,,
Bugerere,Kayunga,Busaana,Lusenke,Kireku - Lusenke,30000000,35000000,20000000,25000000,13000000,16000000,,
Bugerere,Kayunga,Busaana,Lusenke,Kufu,30000000,35000000,20000000,25000000,13000000,16000000,,
Bugerere,Kayunga,Busaana,Lusenke,Kyengera,30000000,35000000,20000000,25000000,13000000,16000000,,
Bugerere,Kayunga,Busaana,Lusenke,Lusenke,30000000,35000000,20000000,25000000,13000000,16000000,,
Bugerere,Kayunga,Busaana,Nabuganyi,Bumali,35000000,40000000,25000000,30000000,13000000,18000000,,
Bugerere,Kayunga,Busaana,Nabuganyi,Nabuganyi,35000000,40000000,25000000,30000000,13000000,18000000,,
Bugerere,Kayunga,Busaana,Nabuganyi,Namatogonya,35000000,40000000,25000000,30000000,13000000,18000000,,
Bugerere,Kayunga,Busaana,Nabuganyi,Nekoyedde,35000000,40000000,25000000,30000000,13000000,18000000,,
Bugerere,Kayunga,Busaana,Nabuganyi,Wampologoma,35000000,40000000,25000000,30000000,13000000,18000000,,
Bugerere,Kayunga,Busaana,Nabuganyi,Mutukula,35000000,40000000,25000000,30000000,13000000,18000000,,
Bugerere,Kayunga,Busaana,Namukuum a,Kasota,35000000,40000000,25000000,30000000,18000000,22000000,,
Bugerere,Kayunga,Busaana,Namukuum a,Kayonjo,35000000,40000000,25000000,30000000,18000000,22000000,,
Bugerere,Kayunga,Busaana,Namukuum a,Kitala,35000000,40000000,25000000,30000000,18000000,22000000,,
Bugerere,Kayunga,Busaana,Namukuum a,Kyayaye,35000000,40000000,25000000,30000000,18000000,22000000,,
Bugerere,Kayunga,Busaana,Namukuum a,Kyengera,35000000,40000000,25000000,30000000,18000000,22000000,,
Bugerere,Kayunga,Busaana,Namukuum a,Namukuma,35000000,40000000,25000000,30000000,18000000,22000000,,
Bugerere,Kayunga,Busaana,Namukuum a,Nangabo,35000000,40000000,25000000,30000000,18000000,22000000,,
Bugerere,Kayunga,Busaana,Namukuum a,Nanyuki,35000000,40000000,25000000,30000000,18000000,22000000,,
Bugerere,Kayunga,Busaana,Namirembe,Kauku,35000000,40000000,25000000,30000000,18000000,22000000,,
Bugerere,Kayunga,Busaana,Namirembe,Namirembe A,35000000,40000000,25000000,30000000,18000000,22000000,,
Bugerere,Kayunga,Busaana,Namirembe,Wampologoma,35000000,40000000,25000000,30000000,18000000,22000000,,
Bugerere,Kayunga,Busaana,Namirembe,Kiyuya,35000000,40000000,25000000,30000000,18000000,22000000,,
Bugerere,Kayunga,Busaana,Namirembe,Kasota,35000000,40000000,25000000,30000000,18000000,22000000,,
Bugerere,Kayunga,Busaana,Namirembe,Namirembe B,35000000,40000000,25000000,30000000,18000000,22000000,,
Bugerere,Kayunga,Busaana,Namusaala,Bisaka,25000000,30000000,20000000,25000000,16000000,18000000,,
Bugerere,Kayunga,Busaana,Namusaala,Namutya,25000000,30000000,20000000,25000000,16000000,18000000,,
Bugerere,Kayunga,Busaana,Namusaala,Masembe,25000000,30000000,20000000,25000000,16000000,18000000,,
Bugerere,Kayunga,Busaana,Namusaala,Soroti,25000000,30000000,20000000,25000000,16000000,18000000,,
Bugerere,Kayunga,Busaana,Namusaala,Namusaala,25000000,30000000,20000000,25000000,16000000,18000000,,
Bugerere,Kayunga,Busaana,Namusaala,Lusenke,25000000,30000000,20000000,25000000,16000000,18000000,,